"0","source(""../../groum-groum/src/shinyapp/helpers/markdown.R"", encoding=""UTF-8"")"
"0","source(""../../groum-groum/src/shinyapp/helpers/opening-hours.R"", encoding=""UTF-8"")"
"0",""
"0","CSV2HTML(input = inputCSV, output = ""../outputs/cassis.html"")"
"2",">> Lecture de ../data/arrete-cassis.csv
"
"2",">> Rendu en cours...
"
"2","Conversion automatique de LHS en liste"
"2","Conversion automatique de LHS en liste"
"2","Conversion automatique de LHS en liste"
"2","Conversion automatique de LHS en liste"
"2","Conversion automatique de LHS en liste"
"2","Conversion automatique de LHS en liste"
"2","Conversion automatique de LHS en liste"
"2","Conversion automatique de LHS en liste"
"2","Conversion automatique de LHS en liste"
"2","Conversion automatique de LHS en liste"
"2","Conversion automatique de LHS en liste"
"2","Conversion automatique de LHS en liste"
"2","Conversion automatique de LHS en liste"
"2","Conversion automatique de LHS en liste"
"2","Conversion automatique de LHS en liste"
